{"accuracy": [0.5238425731658936, 0.7630555629730225, 0.8478703498840332, 0.8864352107048035, 0.9076851606369019], "loss": [1.3229148387908936, 0.6749300360679626, 0.45183706283569336, 0.34339603781700134, 0.27533480525016785], "val_accuracy": [0.7144444584846497, 0.818148136138916, 0.8605555295944214, 0.8879629373550415, 0.879444420337677], "val_loss": [0.775139331817627, 0.491005003452301, 0.4151251018047333, 0.3430359363555908, 0.3794388473033905]}